{"accuracy": [0.5098674893379211, 0.5779532194137573, 0.6133351922035217, 0.6342684030532837, 0.6451226472854614, 0.6592190861701965, 0.6687341332435608, 0.6803637146949768], "loss": [1.4195740222930908, 1.1758397817611694, 1.0831371545791626, 1.0154300928115845, 0.9879075884819031, 0.9406059384346008, 0.9182713031768799, 0.8903246521949768], "val_accuracy": [0.5848365426063538, 0.5978015661239624, 0.6062570214271545, 0.6056933403015137, 0.6206313371658325, 0.610484778881073, 0.6107666492462158, 0.6211950182914734], "val_loss": [1.1818052530288696, 1.1094542741775513, 1.0971713066101074, 1.1044349670410156, 1.0684731006622314, 1.1095346212387085, 1.1130822896957397, 1.0895203351974487]}